"Guid","PDRI__Action__c","PDRI__ComparisonView__c","PDRI__FilterType__c","PDRI__FilterValue__c","PDRI__ParentRule__c"
0018ac1f-637a-4ab2-986d-52e3ff59dabe,Include,53b93492-1dbf-4cd5-899d-c4b2a77e885e,Component_Type,NavigationMenu,"#N/A"
0078eb1f-b0a6-4e55-bdc4-6305495ad38f,Include,53b93492-1dbf-4cd5-899d-c4b2a77e885e,Component_Type,MutingPermissionSet,"#N/A"
00a70adf-b5ca-44e3-8a7a-29ba3accfb02,Include,53b93492-1dbf-4cd5-899d-c4b2a77e885e,Component_Type,ActionsSettings,"#N/A"
0115d6c7-07f9-4086-884b-fcd225b49c30,Include,0f6db0a6-67a0-4eae-a6dc-93729f80b9d0,Component_Type,Workflow,"#N/A"
01c7799d-611c-4676-82c7-909f0ac07e51,Include,53b93492-1dbf-4cd5-899d-c4b2a77e885e,Component_Type,ApexTestSuite,"#N/A"
02094d6a-d3bd-46b6-b0fb-e147ea789380,Include,53b93492-1dbf-4cd5-899d-c4b2a77e885e,Component_Type,MyDomainSettings,"#N/A"
024062e1-ad95-4ad2-a239-daddedca9252,Include,53b93492-1dbf-4cd5-899d-c4b2a77e885e,Component_Type,InventorySettings,"#N/A"
042e3991-025c-41b0-803d-4a0ac5808365,Include,53b93492-1dbf-4cd5-899d-c4b2a77e885e,Component_Type,CompanySettings,"#N/A"
04589f66-5902-4d04-8657-d0ad1ae16985,Include,53b93492-1dbf-4cd5-899d-c4b2a77e885e,Component_Type,WebLink,"#N/A"
04c33cd4-859c-42e4-80d6-ed55ded150c6,Include,53b93492-1dbf-4cd5-899d-c4b2a77e885e,Component_Type,MLRecommendationDefinition,"#N/A"
04e992da-6af4-4b81-8b7b-ea5b815778e8,Include,53b93492-1dbf-4cd5-899d-c4b2a77e885e,Component_Type,StandardValueSet,"#N/A"
0509c52a-9c84-4a1b-9dd5-79934173f69d,Include,53b93492-1dbf-4cd5-899d-c4b2a77e885e,Component_Type,EmployeeUserSettings,"#N/A"
0545eddc-cc41-443c-a9bd-dc35285c26a3,Include,53b93492-1dbf-4cd5-899d-c4b2a77e885e,Component_Type,DocumentType,"#N/A"
05d676a2-7ec4-4399-a056-102d4c5632fb,Include,53b93492-1dbf-4cd5-899d-c4b2a77e885e,Component_Type,MobileApplicationDetail,"#N/A"
05f44979-4916-4613-9444-4eeff19c7c3a,Include,53b93492-1dbf-4cd5-899d-c4b2a77e885e,Component_Type,UserAuthCertificate,"#N/A"
07ab0f56-e90a-4d09-b36c-c543884d4807,Include,53b93492-1dbf-4cd5-899d-c4b2a77e885e,Component_Type,AnalyticsSettings,"#N/A"
082e29b5-2801-42d1-a32c-b18104a4ddc4,Include,07ad8bca-bd11-47e5-a02a-5ea2028a31df,Component_Type,Profile,"#N/A"
0915e620-c3f3-492a-935c-e9a88e4382c5,Include,53b93492-1dbf-4cd5-899d-c4b2a77e885e,Component_Type,LeadConfigSettings,"#N/A"
0acc4b40-88f7-4fff-99d2-773d450162b6,Include,53b93492-1dbf-4cd5-899d-c4b2a77e885e,Component_Type,StandardValue,"#N/A"
0ca68cd2-dbf5-417b-9ce0-2ff71796a913,Include,53b93492-1dbf-4cd5-899d-c4b2a77e885e,Component_Type,WorkflowFieldUpdate,"#N/A"
0d427315-a802-4fac-be36-2cd0c56b554c,Include,53b93492-1dbf-4cd5-899d-c4b2a77e885e,Component_Type,CustomPageWebLink,"#N/A"
0e423354-e477-4b47-bbb0-178f6c1941fb,Include,53b93492-1dbf-4cd5-899d-c4b2a77e885e,Component_Type,AuthProvider,"#N/A"
0efa9ea3-2e84-4782-9da3-144e1908804f,Include,53b93492-1dbf-4cd5-899d-c4b2a77e885e,Component_Type,PartyDataModelSettings,"#N/A"
0fa8cd2f-475d-4486-bf9a-4e7befa6cdde,Include,53b93492-1dbf-4cd5-899d-c4b2a77e885e,Component_Type,Flow,"#N/A"
0ff0972b-b635-4959-8ccd-c7d6f5638e69,Include,53b93492-1dbf-4cd5-899d-c4b2a77e885e,Component_Type,CareRequestConfiguration,"#N/A"
10f48b78-df42-487a-9cdf-d225b5c82d41,Include,53b93492-1dbf-4cd5-899d-c4b2a77e885e,Component_Type,FlowCategory,"#N/A"
112f942f-d3e5-43b3-adfb-3739aa617353,Include,53b93492-1dbf-4cd5-899d-c4b2a77e885e,Component_Type,AssignmentRules,"#N/A"
12307748-cf78-43ac-a09b-b7eeeb249955,Include,53b93492-1dbf-4cd5-899d-c4b2a77e885e,Component_Type,ApexPage,"#N/A"
1254d860-1fc7-41e0-9b58-a1acfd78f16f,Include,53b93492-1dbf-4cd5-899d-c4b2a77e885e,Component_Type,AutoResponseRules,"#N/A"
1263b79f-b37a-43bd-bb91-d49846a2dde9,Include,53b93492-1dbf-4cd5-899d-c4b2a77e885e,Component_Type,AIApplication,"#N/A"
127cfb59-b19e-49ef-98e9-d86df0d75223,Include,53b93492-1dbf-4cd5-899d-c4b2a77e885e,Component_Type,BenefitAction,"#N/A"
135191a5-7fcd-45fe-a5ec-48b3fc3cf2a0,Include,53b93492-1dbf-4cd5-899d-c4b2a77e885e,Component_Type,WorkflowKnowledgePublish,"#N/A"
14060f76-b1fb-4a38-b9fe-410266e50217,Include,53b93492-1dbf-4cd5-899d-c4b2a77e885e,Component_Type,PlatformEventSubscriberConfig,"#N/A"
1419d4da-bcf1-4f80-a867-0cab28841b68,Include,53b93492-1dbf-4cd5-899d-c4b2a77e885e,Component_Type,ObjectHierarchyRelationship,"#N/A"
148a8f7b-8e12-4b51-8993-841d98f5955c,Include,53b93492-1dbf-4cd5-899d-c4b2a77e885e,Component_Type,EntitlementTemplate,"#N/A"
14b1781d-30a1-4a02-ad33-d18d43f6f1ed,Include,53b93492-1dbf-4cd5-899d-c4b2a77e885e,Component_Type,ModerationRule,"#N/A"
15c7ffe4-b9a8-4c61-9580-8ebd4de7fd46,Include,53b93492-1dbf-4cd5-899d-c4b2a77e885e,Component_Type,FieldRestrictionRule,"#N/A"
164faeb6-ca01-4718-ba6f-c3dc4e6f1cab,Include,53b93492-1dbf-4cd5-899d-c4b2a77e885e,Component_Type,SiteDotCom,"#N/A"
16b532ba-415a-4f6c-9097-48501712b5bc,Include,53b93492-1dbf-4cd5-899d-c4b2a77e885e,Component_Type,ApexTrigger,"#N/A"
16cbf760-ebe4-48ad-8a30-ac220316d3b7,Include,07ad8bca-bd11-47e5-a02a-5ea2028a31df,Component_Type,PermissionSet,"#N/A"
175c6483-4110-41a6-8c7f-614e8f14c989,Include,53b93492-1dbf-4cd5-899d-c4b2a77e885e,Component_Type,OpportunityScoreSettings,"#N/A"
17b6c5da-d356-467c-9e4d-a7208135ba2e,Include,53b93492-1dbf-4cd5-899d-c4b2a77e885e,Component_Type,RecordActionDeployment,"#N/A"
18340655-de7c-479a-a1c5-90e63f88e987,Include,53b93492-1dbf-4cd5-899d-c4b2a77e885e,Component_Type,DelegateGroup,"#N/A"
1918fa7c-2b6d-4eeb-9d67-155ff31d61be,Include,53b93492-1dbf-4cd5-899d-c4b2a77e885e,Component_Type,WorkflowOutboundMessage,"#N/A"
1960d171-f684-48da-aa8f-d0a641251d51,Include,53b93492-1dbf-4cd5-899d-c4b2a77e885e,Component_Type,FieldServiceSettings,"#N/A"
1b4b18f3-90f1-44bf-9c7b-2a2dc57d148c,Include,53b93492-1dbf-4cd5-899d-c4b2a77e885e,Component_Type,LightningBolt,"#N/A"
1b7013ec-15b1-4acb-af00-e62711bf4989,Include,15ebed91-a105-4df6-8f18-ffacd66dfed9,Component_Type,Flow,"#N/A"
1b9b14af-94c5-497e-96a9-134d5fbc85a0,Include,53b93492-1dbf-4cd5-899d-c4b2a77e885e,Component_Type,StaticResource,"#N/A"
1bbb12b3-eb42-484d-9b18-466a7feb3e01,Include,53b93492-1dbf-4cd5-899d-c4b2a77e885e,Component_Type,LanguageSettings,"#N/A"
1bff609b-db65-43e2-bc97-3059afcfc637,Include,53b93492-1dbf-4cd5-899d-c4b2a77e885e,Component_Type,DataDotComSettings,"#N/A"
1c23b5f1-3e3d-44fa-8a6e-aa013169a3c1,Include,53b93492-1dbf-4cd5-899d-c4b2a77e885e,Component_Type,AccountSettings,"#N/A"
1d81ea7e-00b1-43e2-b32c-84825fc97fae,Include,53b93492-1dbf-4cd5-899d-c4b2a77e885e,Component_Type,AssistantVersion,"#N/A"
1da62880-a531-4355-aff5-497736296d51,Include,0345fefd-99ec-4142-a67a-791501aaec4e,Component_Type,PermissionSet,"#N/A"
1dbcb195-a7dc-4b32-b4d7-6b3e5e7ae419,Include,53b93492-1dbf-4cd5-899d-c4b2a77e885e,Component_Type,SharingTerritoryRule,"#N/A"
1dc46491-0922-406c-b79c-e69458eea66c,Include,53b93492-1dbf-4cd5-899d-c4b2a77e885e,Component_Type,DashboardFolder,"#N/A"
1e12ebe0-e2e2-4483-80ef-b66f5b6370dc,Include,53b93492-1dbf-4cd5-899d-c4b2a77e885e,Component_Type,ForecastingSettings,"#N/A"
1ead5840-b6c2-4d9c-b081-20f37b0700d1,Include,0f6db0a6-67a0-4eae-a6dc-93729f80b9d0,Component_Type,CustomMetadata,"#N/A"
20feb086-ca79-4508-ace6-32967f5c5a22,Include,53b93492-1dbf-4cd5-899d-c4b2a77e885e,Component_Type,WorkforceEngagementSettings,"#N/A"
22366b99-652f-4b7b-a863-9e26699e0463,Include,53b93492-1dbf-4cd5-899d-c4b2a77e885e,Component_Type,EmployeeFieldAccessSettings,"#N/A"
225cf806-a66d-4fa9-9ca6-854fea32cf91,Include,53b93492-1dbf-4cd5-899d-c4b2a77e885e,Component_Type,SchemaSettings,"#N/A"
22dff38b-9d11-47c3-b21d-9a423d6cf9bf,Include,53b93492-1dbf-4cd5-899d-c4b2a77e885e,Component_Type,AssistantDefinition,"#N/A"
23653ac9-57f9-4d0f-906c-50fd2c322631,Include,53b93492-1dbf-4cd5-899d-c4b2a77e885e,Component_Type,WaveDataset,"#N/A"
23886e98-98b6-4a9d-9d13-9e08e95c1449,Include,53b93492-1dbf-4cd5-899d-c4b2a77e885e,Component_Type,ServicePresenceStatus,"#N/A"
2607a992-86d9-4d26-8973-48f2846d929c,Include,53b93492-1dbf-4cd5-899d-c4b2a77e885e,Component_Type,PresenceUserConfig,"#N/A"
262d28a7-513c-4cee-89aa-ebbc94379822,Include,53b93492-1dbf-4cd5-899d-c4b2a77e885e,Component_Type,CustomMetadata,"#N/A"
2672d8ec-cbd8-462b-9097-264e894a718a,Include,53b93492-1dbf-4cd5-899d-c4b2a77e885e,Component_Type,RecordType,"#N/A"
26a8c726-33ee-4f6f-93b0-1c6b6059a385,Include,53b93492-1dbf-4cd5-899d-c4b2a77e885e,Component_Type,CustomPermission,"#N/A"
2749ba9a-aa39-429c-87cc-76cecca893de,Include,53b93492-1dbf-4cd5-899d-c4b2a77e885e,Component_Type,FeatureParameterInteger,"#N/A"
280c2845-1d14-4d3a-9959-d94d0bca7bc9,Include,53b93492-1dbf-4cd5-899d-c4b2a77e885e,Component_Type,AppointmentAssignmentPolicy,"#N/A"
2867bf8b-fdd8-40aa-b26a-8d843d05e92a,Include,53b93492-1dbf-4cd5-899d-c4b2a77e885e,Component_Type,CustomIndex,"#N/A"
29840992-58f6-44b9-9987-a641086d503e,Include,53b93492-1dbf-4cd5-899d-c4b2a77e885e,Component_Type,FileUploadAndDownloadSecuritySettings,"#N/A"
29c6928d-8680-4e31-b6fa-679e4b771ade,Include,53b93492-1dbf-4cd5-899d-c4b2a77e885e,Component_Type,AppExperienceSettings,"#N/A"
2a7b2a1e-e4ed-446a-a379-6b1b5984f4bb,Include,0f6db0a6-67a0-4eae-a6dc-93729f80b9d0,Component_Type,ApexTrigger,"#N/A"
2c1bcea8-a8b4-4ccc-b1b9-7bf23aab6995,Include,53b93492-1dbf-4cd5-899d-c4b2a77e885e,Component_Type,EntitlementSettings,"#N/A"
2c1f5650-2150-46a1-9894-5aa7cb86e595,Include,53b93492-1dbf-4cd5-899d-c4b2a77e885e,Component_Type,CallCenter,"#N/A"
2c2b02f3-6bd9-4751-b921-f63266e67b56,Include,53b93492-1dbf-4cd5-899d-c4b2a77e885e,Component_Type,ManagedTopics,"#N/A"
2d16c70e-9a6e-436f-a7ca-e51e4fa17694,Include,53b93492-1dbf-4cd5-899d-c4b2a77e885e,Component_Type,LightningExperienceTheme,"#N/A"
2d2b0374-54c2-4b8d-98a2-9916bc86e035,Include,0f6db0a6-67a0-4eae-a6dc-93729f80b9d0,Component_Type,LightningBolt,"#N/A"
2d30e174-b223-44be-9d58-6f3a552d1088,Include,0f6db0a6-67a0-4eae-a6dc-93729f80b9d0,Component_Type,Report,"#N/A"
2e94d61d-a97c-48f1-b330-dba967d6fa3d,Include,53b93492-1dbf-4cd5-899d-c4b2a77e885e,Component_Type,SecuritySettings,"#N/A"
3046dd5d-be34-41e7-b95d-a5b266ecd2cd,Include,53b93492-1dbf-4cd5-899d-c4b2a77e885e,Component_Type,ChannelLayout,"#N/A"
319f6bfc-2e5d-40a7-93c3-c306634e9eeb,Include,53b93492-1dbf-4cd5-899d-c4b2a77e885e,Component_Type,PardotSettings,"#N/A"
32110fe7-58eb-4d36-9829-000cfee71c69,Include,53b93492-1dbf-4cd5-899d-c4b2a77e885e,Component_Type,QueueRoutingConfig,"#N/A"
323f3ad6-07c3-4be9-925c-753a7d342c0a,Include,0f6db0a6-67a0-4eae-a6dc-93729f80b9d0,Component_Type,DashboardFolder,"#N/A"
32f2d8fb-2f4e-4488-977e-068cfef2b214,Include,53b93492-1dbf-4cd5-899d-c4b2a77e885e,Component_Type,PermissionSet,"#N/A"
34721122-a26a-42f2-846e-77ab2c3ab031,Include,53b93492-1dbf-4cd5-899d-c4b2a77e885e,Component_Type,OmniInteractionAccessConfig,"#N/A"
34b542f2-8253-41fd-ae61-2e9d22250404,Include,53b93492-1dbf-4cd5-899d-c4b2a77e885e,Component_Type,Audience,"#N/A"
35494cd6-17cd-4c35-bb69-ed79c89effeb,Include,53b93492-1dbf-4cd5-899d-c4b2a77e885e,Component_Type,AutomatedContactsSettings,"#N/A"
3701c194-0967-4cc7-a83e-38cef2ef0960,Include,53b93492-1dbf-4cd5-899d-c4b2a77e885e,Component_Type,AccountInsightsSettings,"#N/A"
37f49fb4-ef32-4510-96ba-bbd154a3878a,Include,53b93492-1dbf-4cd5-899d-c4b2a77e885e,Component_Type,Territory2Settings,"#N/A"
38248373-013f-4564-a56e-164124821479,Include,0345fefd-99ec-4142-a67a-791501aaec4e,Component_Type,CustomObject,"#N/A"
384cbcd5-2318-4784-a464-9593ecb0ffd4,Include,53b93492-1dbf-4cd5-899d-c4b2a77e885e,Component_Type,ServiceSetupAssistantSettings,"#N/A"
388d71f4-70fa-444c-9ceb-385b14697202,Include,53b93492-1dbf-4cd5-899d-c4b2a77e885e,Component_Type,Index,"#N/A"
38a2d52e-045c-45ed-bc7b-4d754c90a3a3,Include,53b93492-1dbf-4cd5-899d-c4b2a77e885e,Component_Type,ServiceAISetupField,"#N/A"
38c5464a-928f-4096-9c06-c17dfae22b1a,Include,53b93492-1dbf-4cd5-899d-c4b2a77e885e,Component_Type,SamlSsoConfig,"#N/A"
38f6d601-c37e-49f2-887a-e4d6392a46b6,Include,53b93492-1dbf-4cd5-899d-c4b2a77e885e,Component_Type,FlowDefinition,"#N/A"
392882bc-1f86-421b-b6a2-e4b73149e6e3,Include,53b93492-1dbf-4cd5-899d-c4b2a77e885e,Component_Type,CustomObjectTranslation,"#N/A"
3949714a-3ac8-4a31-bd46-d5662f1c4994,Include,53b93492-1dbf-4cd5-899d-c4b2a77e885e,Component_Type,TrialOrgSettings,"#N/A"
3a689810-0a81-41f0-bb76-0139a2d966d5,Include,53b93492-1dbf-4cd5-899d-c4b2a77e885e,Component_Type,FeatureParameterDate,"#N/A"
3a82a874-e1d3-417b-8778-ee440f9c7be5,Include,53b93492-1dbf-4cd5-899d-c4b2a77e885e,Component_Type,ApexEmailNotifications,"#N/A"
3c8cd080-18a2-4645-bcd0-7c87f4714ef5,Include,53b93492-1dbf-4cd5-899d-c4b2a77e885e,Component_Type,EmailServicesFunction,"#N/A"
3ca144b3-2b89-4c53-8787-3d7bd6d5e206,Include,53b93492-1dbf-4cd5-899d-c4b2a77e885e,Component_Type,ProductSettings,"#N/A"
3f7c1292-e081-4e85-9769-56fa21717f3f,Include,53b93492-1dbf-4cd5-899d-c4b2a77e885e,Component_Type,Report,"#N/A"
3f92141b-4b1f-46c5-8134-4360eb7340c8,Include,53b93492-1dbf-4cd5-899d-c4b2a77e885e,Component_Type,IndustriesLoyaltySettings,"#N/A"
3fc5a9c6-d830-4a98-9b8a-9ab798a35508,Include,53b93492-1dbf-4cd5-899d-c4b2a77e885e,Component_Type,SalesWorkQueueSettings,"#N/A"
3ffff0fd-71fa-4f71-9221-00a8822407e3,Include,53b93492-1dbf-4cd5-899d-c4b2a77e885e,Component_Type,DocumentFolder,"#N/A"
4044e21a-db17-4e57-8e64-62daa2d0c82f,Include,53b93492-1dbf-4cd5-899d-c4b2a77e885e,Component_Type,DataMapping,"#N/A"
404d1957-38f1-450a-ab2f-f720e4671f48,Include,53b93492-1dbf-4cd5-899d-c4b2a77e885e,Component_Type,OauthCustomScope,"#N/A"
40ec33f9-c8bc-4891-875e-daaaa152a75f,Include,53b93492-1dbf-4cd5-899d-c4b2a77e885e,Component_Type,MailMergeSettings,"#N/A"
41098e7b-0ec5-4982-8582-991270436866,Include,53b93492-1dbf-4cd5-899d-c4b2a77e885e,Component_Type,ViewDefinition,"#N/A"
41254ba8-ac6b-4f59-a74e-c32be4972c64,Include,53b93492-1dbf-4cd5-899d-c4b2a77e885e,Component_Type,SvcCatalogFulfillmentFlow,"#N/A"
4156b138-0f87-400c-ae45-9c09d51f180d,Include,53b93492-1dbf-4cd5-899d-c4b2a77e885e,Component_Type,ContentAsset,"#N/A"
41730040-ba35-4864-90eb-1d3c91329973,Include,53b93492-1dbf-4cd5-899d-c4b2a77e885e,Component_Type,IndustriesManufacturingSettings,"#N/A"
42687bda-5527-4c85-b2d7-26f2e8c659b2,Include,53b93492-1dbf-4cd5-899d-c4b2a77e885e,Component_Type,SharingReason,"#N/A"
426eebba-15d9-49bc-b07c-48abc9179375,Include,53b93492-1dbf-4cd5-899d-c4b2a77e885e,Component_Type,LightningMessageChannel,"#N/A"
43266128-9e86-4402-8f40-2eaf149de231,Include,53b93492-1dbf-4cd5-899d-c4b2a77e885e,Component_Type,Prompt,"#N/A"
437408a3-c44e-460c-ab71-50c55011feee,Include,53b93492-1dbf-4cd5-899d-c4b2a77e885e,Component_Type,SocialCustomerServiceSettings,"#N/A"
43850608-43d7-451a-849f-942c09e82e4d,Include,53b93492-1dbf-4cd5-899d-c4b2a77e885e,Component_Type,WaveLens,"#N/A"
44787438-0bf5-4930-b5a5-455e44b7b6c8,Include,53b93492-1dbf-4cd5-899d-c4b2a77e885e,Component_Type,WaveXmd,"#N/A"
449df071-0c24-4abe-9443-1513ccb4b534,Include,53b93492-1dbf-4cd5-899d-c4b2a77e885e,Component_Type,ListView,"#N/A"
4531a2d2-46a8-492a-b2c8-b933fe0c616e,Include,53b93492-1dbf-4cd5-899d-c4b2a77e885e,Component_Type,EmbeddedServiceLiveAgent,"#N/A"
45c5517d-3f1c-4740-b420-f7c363bc7901,Include,53b93492-1dbf-4cd5-899d-c4b2a77e885e,Component_Type,SourceTrackingSettings,"#N/A"
461faf71-6de7-419a-b08a-53704cb9cd81,Include,53b93492-1dbf-4cd5-899d-c4b2a77e885e,Component_Type,DataCategoryGroup,"#N/A"
46289333-e0c3-43b9-95af-1ffdd885012e,Include,53b93492-1dbf-4cd5-899d-c4b2a77e885e,Component_Type,FeatureParameterBoolean,"#N/A"
468d58c3-9255-4134-9963-bf003c73e511,Include,53b93492-1dbf-4cd5-899d-c4b2a77e885e,Component_Type,NotificationTypeConfig,"#N/A"
476cb228-d6b5-45b1-9365-5e1127de1f07,Include,53b93492-1dbf-4cd5-899d-c4b2a77e885e,Component_Type,Territory2Rule,"#N/A"
482c6b31-0594-4b42-9f79-3df322c7d402,Include,53b93492-1dbf-4cd5-899d-c4b2a77e885e,Component_Type,BlockchainSettings,"#N/A"
48be2f72-e496-4fca-b44d-865a76285ea2,Include,53b93492-1dbf-4cd5-899d-c4b2a77e885e,Component_Type,CanvasMetadata,"#N/A"
4916dc2c-0e29-4a03-991f-e2942667e57e,Include,53b93492-1dbf-4cd5-899d-c4b2a77e885e,Component_Type,NamedCredential,"#N/A"
4925447c-5e60-4909-9b33-a4fddeaa6692,Include,0f6db0a6-67a0-4eae-a6dc-93729f80b9d0,Component_Type,HomePageComponent,"#N/A"
4992aa2e-b6db-461e-a29a-95c808f964f8,Include,53b93492-1dbf-4cd5-899d-c4b2a77e885e,Component_Type,TimeSheetTemplate,"#N/A"
4a1b1ae9-7d1f-4f03-92c5-accf9a33d237,Include,53b93492-1dbf-4cd5-899d-c4b2a77e885e,Component_Type,VehAssetEnrgyUseCnfg,"#N/A"
4a42a219-fb9c-4dc2-8fb7-cf9d6029dab2,Include,53b93492-1dbf-4cd5-899d-c4b2a77e885e,Component_Type,CustomTab,"#N/A"
4a9b5ddc-26b3-4764-a00a-4f78f1acfdda,Include,53b93492-1dbf-4cd5-899d-c4b2a77e885e,Component_Type,ReportType,"#N/A"
4b082ff5-bd22-4f2d-bad0-3b369be0ec64,Include,53b93492-1dbf-4cd5-899d-c4b2a77e885e,Component_Type,WorkflowAlert,"#N/A"
4badc189-3503-4c7f-84f6-c68945074b51,Include,53b93492-1dbf-4cd5-899d-c4b2a77e885e,Component_Type,DecisionTable,"#N/A"
4beeae97-2598-41c6-8785-623dc69505ff,Include,53b93492-1dbf-4cd5-899d-c4b2a77e885e,Component_Type,LightningComponentBundle,"#N/A"
4c48e04a-aa74-4179-b257-5bc6f744518d,Include,53b93492-1dbf-4cd5-899d-c4b2a77e885e,Component_Type,HomePageLayout,"#N/A"
4d2b179a-beef-45bf-a9b7-76d71a65abfb,Include,0f6db0a6-67a0-4eae-a6dc-93729f80b9d0,Component_Type,GlobalValueSet,"#N/A"
4d2d6ee8-23a8-48c4-9537-9c95cd8d08e3,Include,53b93492-1dbf-4cd5-899d-c4b2a77e885e,Component_Type,PathAssistant,"#N/A"
4dd4d975-2e50-43f7-b990-da69d61bc281,Include,0f6db0a6-67a0-4eae-a6dc-93729f80b9d0,Component_Type,ApexPage,"#N/A"
4dfd1259-7f2e-47d5-aca1-d996bebe2f11,Include,53b93492-1dbf-4cd5-899d-c4b2a77e885e,Component_Type,EmbeddedServiceMenuSettings,"#N/A"
4e25d747-0cb5-4423-84e7-0ff6a16c7252,Include,53b93492-1dbf-4cd5-899d-c4b2a77e885e,Component_Type,CustomApplicationComponent,"#N/A"
4e643775-6f2b-4780-ae46-454587731c10,Include,53b93492-1dbf-4cd5-899d-c4b2a77e885e,Component_Type,AuraDefinitionBundle,"#N/A"
502aa851-5f13-4c24-a1a9-51c22ac5f20a,Include,0f6db0a6-67a0-4eae-a6dc-93729f80b9d0,Component_Type,CustomLabels,"#N/A"
50af7c6e-5c4c-411f-996a-fc520422570a,Include,53b93492-1dbf-4cd5-899d-c4b2a77e885e,Component_Type,AdvAccountForecastSet,"#N/A"
50e20699-d0b4-407a-8853-8fe34cafc840,Include,53b93492-1dbf-4cd5-899d-c4b2a77e885e,Component_Type,FieldServiceMobileExtension,"#N/A"
510d6cdf-d7b8-463f-be87-fda35372733c,Include,0f6db0a6-67a0-4eae-a6dc-93729f80b9d0,Component_Type,LightningExperienceTheme,"#N/A"
513ddfd9-394e-4d37-8111-52c176511882,Include,53b93492-1dbf-4cd5-899d-c4b2a77e885e,Component_Type,ForecastingTypeSource,"#N/A"
516e5ed5-7ded-459b-a1dc-7235abfc077a,Include,53b93492-1dbf-4cd5-899d-c4b2a77e885e,Component_Type,WaveDashboard,"#N/A"
51c96acd-2380-41fe-9965-3fce8e6e6e12,Include,53b93492-1dbf-4cd5-899d-c4b2a77e885e,Component_Type,OrderManagementSettings,"#N/A"
53225b3b-3a45-4e99-b35e-8f88b082051e,Include,0f6db0a6-67a0-4eae-a6dc-93729f80b9d0,Component_Type,CustomApplicationComponent,"#N/A"
53d8b680-b7b4-46bf-a53f-5a3304f7b5c7,Include,53b93492-1dbf-4cd5-899d-c4b2a77e885e,Component_Type,DevHubSettings,"#N/A"
549893ca-c9ad-4992-9d3f-d65063243948,Include,53b93492-1dbf-4cd5-899d-c4b2a77e885e,Component_Type,TransactionSecurityPolicy,"#N/A"
550172fc-5fc0-4e93-9377-259fd48b27cc,Include,53b93492-1dbf-4cd5-899d-c4b2a77e885e,Component_Type,ConnectedApp,"#N/A"
55f7d9c9-85de-4a72-8ffe-a2e6317ab1a7,Include,53b93492-1dbf-4cd5-899d-c4b2a77e885e,Component_Type,RemoteSiteSetting,"#N/A"
562313d5-bbe1-42ce-b387-2b500ddd8564,Include,53b93492-1dbf-4cd5-899d-c4b2a77e885e,Component_Type,KeywordList,"#N/A"
56c81085-4333-47dd-8dc0-ce3c7841b97c,Include,53b93492-1dbf-4cd5-899d-c4b2a77e885e,Component_Type,MLDataDefinition,"#N/A"
577ce37b-1d65-4655-b06d-12237cfce3bc,Include,53b93492-1dbf-4cd5-899d-c4b2a77e885e,Component_Type,BotSettings,"#N/A"
58a7ddf6-22e9-41a2-a09e-c3b18a5ea86f,Include,53b93492-1dbf-4cd5-899d-c4b2a77e885e,Component_Type,EntityImplements,"#N/A"
591417c9-b721-45d0-bb8b-cf6d9d263c62,Include,53b93492-1dbf-4cd5-899d-c4b2a77e885e,Component_Type,AnalyticSnapshot,"#N/A"
59402925-06b2-481a-96ba-f9c6124bb4ef,Include,53b93492-1dbf-4cd5-899d-c4b2a77e885e,Component_Type,Workflow,"#N/A"
595136b4-e7d3-42c1-be3d-6ddbc4ec8525,Include,53b93492-1dbf-4cd5-899d-c4b2a77e885e,Component_Type,ForecastingType,"#N/A"
596f02cc-a247-4600-8057-95734657f717,Include,53b93492-1dbf-4cd5-899d-c4b2a77e885e,Component_Type,WaveApplication,"#N/A"
59beebd7-6c03-4048-9b4d-7e2481fac347,Include,53b93492-1dbf-4cd5-899d-c4b2a77e885e,Component_Type,EACSettings,"#N/A"
59e489b9-ab8f-4c99-9c15-09792bc57f86,Include,53b93492-1dbf-4cd5-899d-c4b2a77e885e,Component_Type,CustomNotificationType,"#N/A"
5a2eaec1-d1db-4aec-91d0-331918d50540,Include,53b93492-1dbf-4cd5-899d-c4b2a77e885e,Component_Type,PortalsSettings,"#N/A"
5aa8ff21-396f-4019-b17b-c16d2f0a23f6,Include,53b93492-1dbf-4cd5-899d-c4b2a77e885e,Component_Type,CareSystemFieldMapping,"#N/A"
5ac6795d-8db9-40e3-9506-bae5c5510070,Include,53b93492-1dbf-4cd5-899d-c4b2a77e885e,Component_Type,SvcCatalogItemDef,"#N/A"
5b2eafd4-9eb4-4190-8694-6a52c7f6182c,Include,15ebed91-a105-4df6-8f18-ffacd66dfed9,Component_Type,WorkflowRule,"#N/A"
5b8d9416-04d2-420e-b5a4-9ed23cec1e60,Include,53b93492-1dbf-4cd5-899d-c4b2a77e885e,Component_Type,Skill,"#N/A"
5b8fc079-2b92-4877-9f37-8322af17a1b1,Include,53b93492-1dbf-4cd5-899d-c4b2a77e885e,Component_Type,LightningOnboardingConfig,"#N/A"
5bacfd16-52bf-4bba-ba32-5a54a25fd671,Include,53b93492-1dbf-4cd5-899d-c4b2a77e885e,Component_Type,OmniChannelSettings,"#N/A"
5bc2d316-fc05-4035-aa96-8308293a0e04,Include,53b93492-1dbf-4cd5-899d-c4b2a77e885e,Component_Type,SocialProfileSettings,"#N/A"
5bc825cd-0c3d-495e-92e3-38beb5d612a1,Include,53b93492-1dbf-4cd5-899d-c4b2a77e885e,Component_Type,OcrTemplate,"#N/A"
5c9d7d54-71bd-4045-907d-4cb0c6d83c27,Include,53b93492-1dbf-4cd5-899d-c4b2a77e885e,Component_Type,ForecastingSourceDefinition,"#N/A"
5e59b298-bfde-4938-8de2-afccea36ac9e,Include,53b93492-1dbf-4cd5-899d-c4b2a77e885e,Component_Type,UserCriteria,"#N/A"
5e5d463b-8566-472c-9368-fe27d8681904,Include,53b93492-1dbf-4cd5-899d-c4b2a77e885e,Component_Type,ChatterExtension,"#N/A"
5fb8d525-aa36-45bf-b39e-aa42bb23e925,Include,53b93492-1dbf-4cd5-899d-c4b2a77e885e,Component_Type,CustomSite,"#N/A"
61b84b6a-31cc-4cc4-ab36-49751153112d,Include,53b93492-1dbf-4cd5-899d-c4b2a77e885e,Component_Type,WebToXSettings,"#N/A"
629c4fb8-b45b-4523-8ddf-5205560ce2f3,Include,53b93492-1dbf-4cd5-899d-c4b2a77e885e,Component_Type,HomePageComponent,"#N/A"
62df6f67-2ed4-4967-a1ee-163e8c269fae,Include,0f6db0a6-67a0-4eae-a6dc-93729f80b9d0,Component_Type,LightningComponentBundle,"#N/A"
6357f152-c403-49a8-abaf-1349ac5481a7,Include,53b93492-1dbf-4cd5-899d-c4b2a77e885e,Component_Type,FilesConnectSettings,"#N/A"
6362a97c-e3a5-408c-ba32-7df03bb77ee7,Include,53b93492-1dbf-4cd5-899d-c4b2a77e885e,Component_Type,CampaignInfluenceModel,"#N/A"
637343da-aae3-413e-bec6-b97ca899829e,Include,53b93492-1dbf-4cd5-899d-c4b2a77e885e,Component_Type,DiscoveryAIModel,"#N/A"
63a6f764-2c90-4b93-98ae-ff90e158f734,Include,53b93492-1dbf-4cd5-899d-c4b2a77e885e,Component_Type,CommunityTemplateDefinition,"#N/A"
63ac3863-a088-4428-852a-bedbe026d470,Include,53b93492-1dbf-4cd5-899d-c4b2a77e885e,Component_Type,CaseSubjectParticle,"#N/A"
644c5abc-012f-4bd7-9ce0-8337b04cac1b,Include,53b93492-1dbf-4cd5-899d-c4b2a77e885e,Component_Type,PlatformEventChannelMember,"#N/A"
6483857c-da81-4c90-a93c-00febb92a26c,Include,53b93492-1dbf-4cd5-899d-c4b2a77e885e,Component_Type,LiveChatButton,"#N/A"
66e44524-9480-46a3-8299-a75b63b1c5df,Include,53b93492-1dbf-4cd5-899d-c4b2a77e885e,Component_Type,CspTrustedSite,"#N/A"
66fc88b9-7eba-4611-97f0-5632efde1a56,Include,53b93492-1dbf-4cd5-899d-c4b2a77e885e,Component_Type,InstalledPackage,"#N/A"
67489269-ad6d-47ef-9f81-f8fe4843b968,Include,53b93492-1dbf-4cd5-899d-c4b2a77e885e,Component_Type,UserInterfaceSettings,"#N/A"
67fce001-bfda-4921-9974-e564050e64aa,Include,53b93492-1dbf-4cd5-899d-c4b2a77e885e,Component_Type,PlatformEventChannel,"#N/A"
684b2086-b2c2-4cb2-89e5-e0f0d9ef0103,Include,53b93492-1dbf-4cd5-899d-c4b2a77e885e,Component_Type,ChatterEmailsMDSettings,"#N/A"
692f480c-2053-4837-95c0-4ad15ab2c30f,Include,53b93492-1dbf-4cd5-899d-c4b2a77e885e,Component_Type,LiveChatDeployment,"#N/A"
6964f2c9-49d5-4aa9-af02-a2a350e2cd83,Include,53b93492-1dbf-4cd5-899d-c4b2a77e885e,Component_Type,CustomValue,"#N/A"
697253bc-0d97-4a0f-a5b8-8cf30152069c,Include,53b93492-1dbf-4cd5-899d-c4b2a77e885e,Component_Type,TopicsForObjects,"#N/A"
6bae553a-d18a-4e79-b3da-b9024b2aff2d,Include,53b93492-1dbf-4cd5-899d-c4b2a77e885e,Component_Type,CustomerDataPlatformSettings,"#N/A"
6d35e0e4-a26d-4660-b150-b1efab5c3182,Include,53b93492-1dbf-4cd5-899d-c4b2a77e885e,Component_Type,UserManagementSettings,"#N/A"
6d70cb29-88f5-4d14-a5a0-9e380ee4799d,Include,53b93492-1dbf-4cd5-899d-c4b2a77e885e,Component_Type,Group,"#N/A"
6e192868-418e-4717-85ea-6202364f4c13,Include,53b93492-1dbf-4cd5-899d-c4b2a77e885e,Component_Type,EmbeddedServiceBranding,"#N/A"
6eab1757-60ad-4c0d-90ac-f4a0787b1ef9,Include,53b93492-1dbf-4cd5-899d-c4b2a77e885e,Component_Type,SharingSet,"#N/A"
6eb55ebd-4f4c-44e0-8d13-eacdb6a2ff3d,Include,53b93492-1dbf-4cd5-899d-c4b2a77e885e,Component_Type,LiveMessageSettings,"#N/A"
6ed34b0f-7ee5-4524-8415-0916f002cf1b,Include,53b93492-1dbf-4cd5-899d-c4b2a77e885e,Component_Type,CommerceSettings,"#N/A"
6f74bc59-cbb2-49e5-ac15-bc36465cf61d,Include,53b93492-1dbf-4cd5-899d-c4b2a77e885e,Component_Type,GatewayProviderPaymentMethodType,"#N/A"
703c668c-c70b-4ca0-bd7a-a1036de40a93,Include,53b93492-1dbf-4cd5-899d-c4b2a77e885e,Component_Type,ForecastingObjectListSettings,"#N/A"
7148a080-846f-4388-906a-51e4a76a5a7e,Include,53b93492-1dbf-4cd5-899d-c4b2a77e885e,Component_Type,WorkflowTask,"#N/A"
71a4a13c-207d-45ac-bdd3-3a90b122e9cf,Include,53b93492-1dbf-4cd5-899d-c4b2a77e885e,Component_Type,EnhancedNotesSettings,"#N/A"
729a8fe2-5c20-4043-8d15-b91d4e7bde78,Include,53b93492-1dbf-4cd5-899d-c4b2a77e885e,Component_Type,RedirectWhitelistUrl,"#N/A"
72c99890-0df7-4958-b72d-e77060653773,Include,0f6db0a6-67a0-4eae-a6dc-93729f80b9d0,Component_Type,DocumentFolder,"#N/A"
72ec98aa-f526-47fa-b21a-e031d81a0128,Include,53b93492-1dbf-4cd5-899d-c4b2a77e885e,Component_Type,BatchProcessJobDefinition,"#N/A"
7405492d-5447-4e12-88cc-a2e65a72d01b,Include,53b93492-1dbf-4cd5-899d-c4b2a77e885e,Component_Type,SharingCriteriaRule,"#N/A"
74e4edb4-506a-4499-a186-f1a96ef4ab2f,Include,53b93492-1dbf-4cd5-899d-c4b2a77e885e,Component_Type,CurrencySettings,"#N/A"
74fb3926-db8e-4a9e-a461-3bf8a10b8900,Include,53b93492-1dbf-4cd5-899d-c4b2a77e885e,Component_Type,AIReplyRecommendationsSettings,"#N/A"
754af234-3e4e-40d7-aa05-5b62c9e57e62,Include,53b93492-1dbf-4cd5-899d-c4b2a77e885e,Component_Type,MilestoneType,"#N/A"
75858b42-ed1d-4da9-8731-5fed58dcebd5,Include,53b93492-1dbf-4cd5-899d-c4b2a77e885e,Component_Type,AdvAcctForecastDimSource,"#N/A"
7598e187-b266-4ff5-8bbb-c4827311b6c6,Include,53b93492-1dbf-4cd5-899d-c4b2a77e885e,Component_Type,ApexSettings,"#N/A"
76da9a24-0bcf-466b-b96f-7639df29b73c,Include,0f6db0a6-67a0-4eae-a6dc-93729f80b9d0,Component_Type,PermissionSet,"#N/A"
76e75032-5230-46a7-89dd-ef11abfd3d20,Include,53b93492-1dbf-4cd5-899d-c4b2a77e885e,Component_Type,DataMappingSchema,"#N/A"
7796a266-33d9-444c-9770-4c3c21c0a30c,Include,53b93492-1dbf-4cd5-899d-c4b2a77e885e,Component_Type,CustomField,"#N/A"
77b3270f-c987-44c8-b7d7-595e2d39d8f2,Include,53b93492-1dbf-4cd5-899d-c4b2a77e885e,Component_Type,LiveChatAgentConfig,"#N/A"
7807a382-4289-44a4-9051-d38aeeb2d0b6,Include,53b93492-1dbf-4cd5-899d-c4b2a77e885e,Component_Type,CommunityThemeDefinition,"#N/A"
783b7522-4cc0-4aa8-920f-01e0b6f32dd4,Include,53b93492-1dbf-4cd5-899d-c4b2a77e885e,Component_Type,Icon,"#N/A"
79b51476-c4a8-45b1-b4d7-264e86787cf3,Include,53b93492-1dbf-4cd5-899d-c4b2a77e885e,Component_Type,LiveAgentSettings,"#N/A"
79ddfe88-5201-4501-b8b0-3f8eb691e27d,Include,53b93492-1dbf-4cd5-899d-c4b2a77e885e,Component_Type,EmbeddedServiceFlowConfig,"#N/A"
7a245e0a-7120-4f5a-a23c-97a49091889a,Include,53b93492-1dbf-4cd5-899d-c4b2a77e885e,Component_Type,LeadConvertSettings,"#N/A"
7a673c23-497c-4382-953c-a4834ee1a595,Include,53b93492-1dbf-4cd5-899d-c4b2a77e885e,Component_Type,CareProviderSearchConfig,"#N/A"
7a83eb3d-8aa9-4a14-af55-1cd68771ae0f,Include,53b93492-1dbf-4cd5-899d-c4b2a77e885e,Component_Type,ExternalServiceRegistration,"#N/A"
7ab9eeb4-7fe2-4aab-a851-64b267e0a0a2,Include,53b93492-1dbf-4cd5-899d-c4b2a77e885e,Component_Type,WorkSkillRouting,"#N/A"
7b79ac5e-ae1f-482f-9a85-c50450e97714,Include,53b93492-1dbf-4cd5-899d-c4b2a77e885e,Component_Type,GoogleAppsSettings,"#N/A"
7bdf138e-1be9-447c-ac2a-9137e4d04154,Include,53b93492-1dbf-4cd5-899d-c4b2a77e885e,Component_Type,TrailheadSettings,"#N/A"
7c8f11da-d5e6-4a40-ad66-6c9c571d4857,Include,53b93492-1dbf-4cd5-899d-c4b2a77e885e,Component_Type,AssistantSkillQuickAction,"#N/A"
7db2d1fc-0d98-4224-a535-46794be6440c,Include,53b93492-1dbf-4cd5-899d-c4b2a77e885e,Component_Type,IPAddressRange,"#N/A"
7ee70604-c52e-452b-9491-fb8920858655,Include,0f6db0a6-67a0-4eae-a6dc-93729f80b9d0,Component_Type,ApexComponent,"#N/A"
7f613b03-b59d-41fe-a256-88e5eb13f1fa,Include,53b93492-1dbf-4cd5-899d-c4b2a77e885e,Component_Type,Territory2,"#N/A"
8021156a-edb5-4ac3-bcff-e40cb40d3cbc,Include,53b93492-1dbf-4cd5-899d-c4b2a77e885e,Component_Type,PredictionBuilderSettings,"#N/A"
80c84226-3360-4121-9f44-c5261e2ba7aa,Include,53b93492-1dbf-4cd5-899d-c4b2a77e885e,Component_Type,AccountForecastSettings,"#N/A"
811b1a97-4ce7-43c5-b599-b9a8e49ad93c,Include,53b93492-1dbf-4cd5-899d-c4b2a77e885e,Component_Type,ContentSettings,"#N/A"
81a94b44-6b2e-4864-8b87-ce56febbc2e8,Include,0345fefd-99ec-4142-a67a-791501aaec4e,Component_Type,WorkflowRule,"#N/A"
81b0f203-2624-4c53-b301-81b02dbe8b7b,Include,53b93492-1dbf-4cd5-899d-c4b2a77e885e,Component_Type,CommandAction,"#N/A"
83a9feeb-0187-4f5d-9777-bbd9db1c2983,Include,53b93492-1dbf-4cd5-899d-c4b2a77e885e,Component_Type,AdvAcctForecastPeriodGroup,"#N/A"
83bb8cfa-d44c-401b-ae97-e9b424d03705,Include,53b93492-1dbf-4cd5-899d-c4b2a77e885e,Component_Type,ConversationalIntelligenceSettings,"#N/A"
8425d6cf-63ef-4de9-999d-32926366cba0,Include,53b93492-1dbf-4cd5-899d-c4b2a77e885e,Component_Type,WorkflowFlowAction,"#N/A"
843052e8-8900-4f9a-b49d-b7a96d582d35,Include,53b93492-1dbf-4cd5-899d-c4b2a77e885e,Component_Type,BldgEnrgyIntensityCnfg,"#N/A"
84459927-f29d-4291-8a3e-dcc6cfc618f8,Include,53b93492-1dbf-4cd5-899d-c4b2a77e885e,Component_Type,CareLimitType,"#N/A"
8475e5dd-acb9-49c8-b715-8d3e11789c99,Include,53b93492-1dbf-4cd5-899d-c4b2a77e885e,Component_Type,BusinessHoursSettings,"#N/A"
84e16209-ac79-4d7e-9ac1-d8e58026897b,Include,53b93492-1dbf-4cd5-899d-c4b2a77e885e,Component_Type,ValidationRule,"#N/A"
859f869b-8255-4545-b729-5ea1ee794043,Include,53b93492-1dbf-4cd5-899d-c4b2a77e885e,Component_Type,ApprovalProcess,"#N/A"
85de13f1-47e1-4ae2-9872-6ae66d46c4c9,Include,53b93492-1dbf-4cd5-899d-c4b2a77e885e,Component_Type,SystemNotificationSettings,"#N/A"
86b5e566-4d46-486a-ab34-c0571437412d,Include,53b93492-1dbf-4cd5-899d-c4b2a77e885e,Component_Type,EmailTemplateFolder,"#N/A"
893dfd72-3dbb-44e9-893e-38b9de493cd0,Include,53b93492-1dbf-4cd5-899d-c4b2a77e885e,Component_Type,CorsWhitelistOrigin,"#N/A"
89c6431a-3ade-479e-8012-2019a1582748,Include,53b93492-1dbf-4cd5-899d-c4b2a77e885e,Component_Type,SurveySettings,"#N/A"
8a25bd7f-79d1-4e70-b442-b9b0cfe9bb42,Include,53b93492-1dbf-4cd5-899d-c4b2a77e885e,Component_Type,SalesAgreementSettings,"#N/A"
8ab7a621-5375-4ade-b14d-4d7a870f5687,Include,53b93492-1dbf-4cd5-899d-c4b2a77e885e,Component_Type,CompactLayout,"#N/A"
8b800117-c7e9-4e4a-a1b4-d2a1e4b54e26,Include,53b93492-1dbf-4cd5-899d-c4b2a77e885e,Component_Type,Territory2Type,"#N/A"
8c778dbf-b623-4a53-8191-e96d8215b7fe,Include,0345fefd-99ec-4142-a67a-791501aaec4e,Component_Type,Profile,"#N/A"
8c80a011-3914-449d-9e2c-24f9c2c29b0e,Include,53b93492-1dbf-4cd5-899d-c4b2a77e885e,Component_Type,OrderSettings,"#N/A"
8e2abe0c-03f8-4e78-85e4-54a4057a0285,Include,53b93492-1dbf-4cd5-899d-c4b2a77e885e,Component_Type,HighVelocitySalesSettings,"#N/A"
8f042680-9acc-4d77-88f2-c0ed40b633ac,Include,53b93492-1dbf-4cd5-899d-c4b2a77e885e,Component_Type,StnryAssetEnrgyUseCnfg,"#N/A"
8f9f58d2-54d9-4c0b-b25e-ddb5190df2d2,Include,53b93492-1dbf-4cd5-899d-c4b2a77e885e,Component_Type,DataSource,"#N/A"
91660659-3058-4f4e-a8a9-7b089c1b47c5,Include,53b93492-1dbf-4cd5-899d-c4b2a77e885e,Component_Type,EmailFolder,"#N/A"
91fe07c1-9e7c-445a-9d74-43de1c9afbab,Include,53b93492-1dbf-4cd5-899d-c4b2a77e885e,Component_Type,ActivitiesSettings,"#N/A"
926db6d4-1bd7-4cac-ac14-e7842a3686de,Include,53b93492-1dbf-4cd5-899d-c4b2a77e885e,Component_Type,CallCoachingMediaProvider,"#N/A"
92734506-59d2-4dd4-ad7d-ca7861c2fe7c,Include,53b93492-1dbf-4cd5-899d-c4b2a77e885e,Component_Type,StandardValueSetTranslation,"#N/A"
92d68cfd-8182-4070-8e19-33cb5475b133,Include,53b93492-1dbf-4cd5-899d-c4b2a77e885e,Component_Type,FieldSrcTrgtRelationship,"#N/A"
93b43684-ada6-4691-aaf1-b0626c9780cb,Include,53b93492-1dbf-4cd5-899d-c4b2a77e885e,Component_Type,Translations,"#N/A"
942a5ef5-e5e2-4899-8904-3fb1d99326b1,Include,53b93492-1dbf-4cd5-899d-c4b2a77e885e,Component_Type,EmailIntegrationSettings,"#N/A"
95540859-4adc-4c63-afae-1f6502b1e9d1,Include,53b93492-1dbf-4cd5-899d-c4b2a77e885e,Component_Type,ExperienceBundleSettings,"#N/A"
95c3cf97-20e8-4df0-9c7d-2be0b0a00bd1,Include,0f6db0a6-67a0-4eae-a6dc-93729f80b9d0,Component_Type,ApexClass,"#N/A"
95c52507-17f1-4bbf-b440-c0522125bfd6,Include,53b93492-1dbf-4cd5-899d-c4b2a77e885e,Component_Type,OnlineSalesSettings,"#N/A"
95e089cc-d504-4dcb-8b8e-323373959ef2,Include,53b93492-1dbf-4cd5-899d-c4b2a77e885e,Component_Type,InboundNetworkConnection,"#N/A"
96857251-311d-4e2a-997a-b9647bed9b48,Include,0f6db0a6-67a0-4eae-a6dc-93729f80b9d0,Component_Type,ApprovalProcess,"#N/A"
96e1dbaa-7d4d-42bc-b507-099a0901a2cc,Include,53b93492-1dbf-4cd5-899d-c4b2a77e885e,Component_Type,ChatterSettings,"#N/A"
980cc189-aaf7-46ca-9eb4-49850c8b2fcc,Include,53b93492-1dbf-4cd5-899d-c4b2a77e885e,Component_Type,RetailExecutionSettings,"#N/A"
9831cf13-0f76-4ec4-bbff-329fc34d7b00,Include,53b93492-1dbf-4cd5-899d-c4b2a77e885e,Component_Type,MediaAdSalesSettings,"#N/A"
986bdb2b-1aae-4991-871b-1e521c2783df,Include,53b93492-1dbf-4cd5-899d-c4b2a77e885e,Component_Type,AccountIntelligenceSettings,"#N/A"
9879c8e6-c994-4052-8c2a-3cc7a7de0986,Include,53b93492-1dbf-4cd5-899d-c4b2a77e885e,Component_Type,EmailTemplate,"#N/A"
98dbc7fb-8c6d-41d4-9dfd-0fc5234fa9e9,Include,53b93492-1dbf-4cd5-899d-c4b2a77e885e,Component_Type,Territory2Model,"#N/A"
98f33607-3f33-4c58-98be-5b926bc9665b,Include,53b93492-1dbf-4cd5-899d-c4b2a77e885e,Component_Type,WorkflowSend,"#N/A"
9b0180c7-8305-4d9c-ba18-5b2459343884,Include,53b93492-1dbf-4cd5-899d-c4b2a77e885e,Component_Type,WaveRecipe,"#N/A"
9b08d71e-f704-40a9-b17e-2c3ad3baf88a,Include,53b93492-1dbf-4cd5-899d-c4b2a77e885e,Component_Type,EmbeddedServiceConfig,"#N/A"
9b3f41ee-766b-4da4-8571-2aac62194bb2,Include,0f6db0a6-67a0-4eae-a6dc-93729f80b9d0,Component_Type,ReportType,"#N/A"
9b6d23f3-6d51-408a-9b0c-daa9fa669c0d,Include,53b93492-1dbf-4cd5-899d-c4b2a77e885e,Component_Type,ApexClass,"#N/A"
9c9ec714-c704-41b5-ac95-4e6ccfb207a4,Include,53b93492-1dbf-4cd5-899d-c4b2a77e885e,Component_Type,BrandingSet,"#N/A"
9ce03006-b37c-4706-bf91-10b49a1a484d,Include,53b93492-1dbf-4cd5-899d-c4b2a77e885e,Component_Type,ContractSettings,"#N/A"
9d68b817-96d1-444d-a727-d920084d69c4,Include,53b93492-1dbf-4cd5-899d-c4b2a77e885e,Component_Type,CMSConnectSource,"#N/A"
9dff870a-bad7-483c-841e-bac79b936fd1,Include,53b93492-1dbf-4cd5-899d-c4b2a77e885e,Component_Type,FederationDataMappingUsage,"#N/A"
9ebde825-244d-46c6-be51-3defe222598b,Include,53b93492-1dbf-4cd5-899d-c4b2a77e885e,Component_Type,ServiceChannel,"#N/A"
9fc2d13d-861d-4d34-a081-9c107e45e895,Include,53b93492-1dbf-4cd5-899d-c4b2a77e885e,Component_Type,DiscoveryGoal,"#N/A"
a1d0a956-d5ef-4840-993f-c5cee7896c84,Include,53b93492-1dbf-4cd5-899d-c4b2a77e885e,Component_Type,OpportunityInsightsSettings,"#N/A"
a4214872-1ed7-4ca1-afd8-8dfeb617241a,Include,53b93492-1dbf-4cd5-899d-c4b2a77e885e,Component_Type,BotVersion,"#N/A"
a4bdafcb-b597-4cb3-8372-0633ef157543,Include,53b93492-1dbf-4cd5-899d-c4b2a77e885e,Component_Type,OcrSampleDocument,"#N/A"
a4bf349a-3e09-45b6-953d-ee85a4945c1b,Include,53b93492-1dbf-4cd5-899d-c4b2a77e885e,Component_Type,MktDataTranObject,"#N/A"
a56264d2-18e8-49e8-b32e-c2701a1ad7f8,Include,53b93492-1dbf-4cd5-899d-c4b2a77e885e,Component_Type,SearchSettings,"#N/A"
a6f98446-78a6-4087-8acf-57c5c710ba50,Include,53b93492-1dbf-4cd5-899d-c4b2a77e885e,Component_Type,MobileSettings,"#N/A"
a7058c7a-8360-4065-881b-90c71f583cac,Include,53b93492-1dbf-4cd5-899d-c4b2a77e885e,Component_Type,MapsAndLocationSettings,"#N/A"
a8525fe9-f255-4253-b82c-eab0998cc83b,Include,53b93492-1dbf-4cd5-899d-c4b2a77e885e,Component_Type,ExternalServicesSettings,"#N/A"
a91db656-d105-41c1-989a-93ed6b6078ef,Include,0f6db0a6-67a0-4eae-a6dc-93729f80b9d0,Component_Type,Layout,"#N/A"
a93ffe6b-b099-4098-869d-9ffb07bba937,Include,53b93492-1dbf-4cd5-899d-c4b2a77e885e,Component_Type,Role,"#N/A"
a98174ce-b638-474a-b9fd-e1f36cf1163f,Include,53b93492-1dbf-4cd5-899d-c4b2a77e885e,Component_Type,WorkflowRule,"#N/A"
a9a9aba5-b5f0-4810-af16-287ed61d0070,Include,53b93492-1dbf-4cd5-899d-c4b2a77e885e,Component_Type,ParticipantRole,"#N/A"
aa5bb109-c8c0-460a-9db8-cb1b3ffea855,Include,53b93492-1dbf-4cd5-899d-c4b2a77e885e,Component_Type,ApplicationRecordTypeConfig,"#N/A"
aa5f2791-1459-4c8b-8342-775ea1565dca,Include,53b93492-1dbf-4cd5-899d-c4b2a77e885e,Component_Type,MlDomain,"#N/A"
aaa807ff-aa84-4459-bc8a-1664d935609b,Include,0f6db0a6-67a0-4eae-a6dc-93729f80b9d0,Component_Type,CustomPermission,"#N/A"
ab7312f3-eab5-4b03-9716-c2712368a432,Include,53b93492-1dbf-4cd5-899d-c4b2a77e885e,Component_Type,ManagedContentType,"#N/A"
ab98b05f-3409-4ab5-acdc-595d2c7e4f36,Include,53b93492-1dbf-4cd5-899d-c4b2a77e885e,Component_Type,BusinessProcessGroup,"#N/A"
abb70729-762e-4f1b-b3b4-e81a441af50f,Include,53b93492-1dbf-4cd5-899d-c4b2a77e885e,Component_Type,EmailAdministrationSettings,"#N/A"
ad2111e4-f407-4e5e-a0c1-76790dab3571,Include,53b93492-1dbf-4cd5-899d-c4b2a77e885e,Component_Type,ObjectSourceTargetMap,"#N/A"
ad45aa59-8f68-47dd-bbf0-242fd4a078fa,Include,53b93492-1dbf-4cd5-899d-c4b2a77e885e,Component_Type,PermissionSetGroup,"#N/A"
ad4d074f-247c-44d2-bf9e-a26a3f6cca96,Include,53b93492-1dbf-4cd5-899d-c4b2a77e885e,Component_Type,WaveComponent,"#N/A"
af0eb0ab-e059-4f20-a968-eac6609d784f,Include,53b93492-1dbf-4cd5-899d-c4b2a77e885e,Component_Type,EssentialsSettings,"#N/A"
b222ffd6-4758-4e52-961f-f49dbdd01238,Include,53b93492-1dbf-4cd5-899d-c4b2a77e885e,Component_Type,EclairGeoData,"#N/A"
b285c02c-2b13-46e8-836f-aa92d3d90f21,Include,53b93492-1dbf-4cd5-899d-c4b2a77e885e,Component_Type,AnimationRule,"#N/A"
b2cd94ed-0392-48c8-96f2-9bfc9c521e01,Include,0f6db0a6-67a0-4eae-a6dc-93729f80b9d0,Component_Type,CustomSite,"#N/A"
b2cf1c67-e4c9-4c96-a2c5-fe4038bfa7ad,Include,53b93492-1dbf-4cd5-899d-c4b2a77e885e,Component_Type,FormulaSettings,"#N/A"
b2ea8233-2592-4146-a0ab-5a79599d3da8,Include,53b93492-1dbf-4cd5-899d-c4b2a77e885e,Component_Type,EntitlementProcess,"#N/A"
b30f38d3-541c-4e76-a183-97ec45c0cbdc,Include,53b93492-1dbf-4cd5-899d-c4b2a77e885e,Component_Type,FieldSet,"#N/A"
b320a485-056e-4014-8b2c-ed3e0b43d9d2,Include,53b93492-1dbf-4cd5-899d-c4b2a77e885e,Component_Type,QuickTextSettings,"#N/A"
b322f474-c0cd-4dcd-849c-b6fa9cd2e69b,Include,53b93492-1dbf-4cd5-899d-c4b2a77e885e,Component_Type,DataStreamDefinition,"#N/A"
b44f985c-1087-4034-ba77-e74319f511fd,Include,53b93492-1dbf-4cd5-899d-c4b2a77e885e,Component_Type,Community,"#N/A"
b4755612-1166-43e9-973d-892905aae4f6,Include,0f6db0a6-67a0-4eae-a6dc-93729f80b9d0,Component_Type,CustomTab,"#N/A"
b4d31dcf-3a55-4113-8fcd-84e9db9cae0b,Include,53b93492-1dbf-4cd5-899d-c4b2a77e885e,Component_Type,CommunitiesSettings,"#N/A"
b4e2dc4d-5a7f-4e08-b2d7-ed7cef3cdc13,Include,53b93492-1dbf-4cd5-899d-c4b2a77e885e,Component_Type,InboundCertificate,"#N/A"
b59f1f6c-b003-496d-880d-0bdbde38b3ba,Include,53b93492-1dbf-4cd5-899d-c4b2a77e885e,Component_Type,QuickAction,"#N/A"
b5c34edf-9f41-472e-9028-968c6dbb492e,Include,53b93492-1dbf-4cd5-899d-c4b2a77e885e,Component_Type,ServiceAISetupDefinition,"#N/A"
b66ecedf-30c4-43e4-bb9d-4aa2cd64b03f,Include,53b93492-1dbf-4cd5-899d-c4b2a77e885e,Component_Type,NotificationsSettings,"#N/A"
b6c3e9e5-737e-4151-a49e-68fe5fe7750f,Include,53b93492-1dbf-4cd5-899d-c4b2a77e885e,Component_Type,QuoteSettings,"#N/A"
b72b92ae-6181-4d94-b87e-674c75f0cf8f,Include,53b93492-1dbf-4cd5-899d-c4b2a77e885e,Component_Type,IframeWhiteListUrlSettings,"#N/A"
b828b3a1-9c3b-40a0-aa30-92852894d6c6,Include,53b93492-1dbf-4cd5-899d-c4b2a77e885e,Component_Type,MacroSettings,"#N/A"
b85eb988-7dd6-4d90-b019-241197b3e11a,Include,53b93492-1dbf-4cd5-899d-c4b2a77e885e,Component_Type,ProfilePasswordPolicy,"#N/A"
b8a05c8a-53c5-43b9-9943-ce525a3f9bb7,Include,53b93492-1dbf-4cd5-899d-c4b2a77e885e,Component_Type,ApexComponent,"#N/A"
b8e49412-5479-46a8-b55c-7d4f106f9242,Include,53b93492-1dbf-4cd5-899d-c4b2a77e885e,Component_Type,ExternalDataConnector,"#N/A"
b9c177a1-b22f-4243-a64a-b6c6cda4fc9a,Include,53b93492-1dbf-4cd5-899d-c4b2a77e885e,Component_Type,PresenceDeclineReason,"#N/A"
b9c615b9-ccca-4064-89da-9ef739ddf339,Include,53b93492-1dbf-4cd5-899d-c4b2a77e885e,Component_Type,Letterhead,"#N/A"
ba42be1e-8f4a-44fa-8da7-18e9928639d6,Include,53b93492-1dbf-4cd5-899d-c4b2a77e885e,Component_Type,EmailTemplateSettings,"#N/A"
bb7bdfd9-825a-4d33-b0b4-ecb71e70df15,Include,53b93492-1dbf-4cd5-899d-c4b2a77e885e,Component_Type,DuplicateRule,"#N/A"
bc262f35-f251-4b7c-904a-8cc02372b1c5,Include,53b93492-1dbf-4cd5-899d-c4b2a77e885e,Component_Type,CustomHelpMenuSection,"#N/A"
bca244d2-fe8a-46e0-b1ac-3c407d65e8dd,Include,53b93492-1dbf-4cd5-899d-c4b2a77e885e,Component_Type,ChannelObjectLinkingRule,"#N/A"
bccf2725-7d1e-4983-b1ee-d00c92fd05c9,Include,53b93492-1dbf-4cd5-899d-c4b2a77e885e,Component_Type,CustomFeedFilter,"#N/A"
bcd88a46-a274-46fa-9b96-691fa9538da4,Include,53b93492-1dbf-4cd5-899d-c4b2a77e885e,Component_Type,RelatedRecordAssocCriteria,"#N/A"
bd7eaebb-7cd1-4f57-9331-356774318c37,Include,53b93492-1dbf-4cd5-899d-c4b2a77e885e,Component_Type,ChatterAnswersSettings,"#N/A"
bd8b461f-73ef-4703-b720-4914a82229bb,Include,53b93492-1dbf-4cd5-899d-c4b2a77e885e,Component_Type,UserProvisioningConfig,"#N/A"
be3aece0-c692-4ba6-a775-7eba1da8fc8f,Include,53b93492-1dbf-4cd5-899d-c4b2a77e885e,Component_Type,OrgSettings,"#N/A"
be815296-4577-4092-923e-06320de668f1,Include,53b93492-1dbf-4cd5-899d-c4b2a77e885e,Component_Type,MLPredictionDefinition,"#N/A"
befdc338-5aa6-4394-a39b-036dd67b5f2f,Include,53b93492-1dbf-4cd5-899d-c4b2a77e885e,Component_Type,Bot,"#N/A"
bf9585b2-682f-44c9-9181-b6b1448a95a0,Include,0f6db0a6-67a0-4eae-a6dc-93729f80b9d0,Component_Type,PermissionSetLicenseDefinition,"#N/A"
bfde2c18-da2f-450c-9330-5946a93c6838,Include,53b93492-1dbf-4cd5-899d-c4b2a77e885e,Component_Type,FlexiPage,"#N/A"
bff6a344-6b50-4ba4-adaa-728c58bceb83,Include,53b93492-1dbf-4cd5-899d-c4b2a77e885e,Component_Type,DecisionTableDatasetLink,"#N/A"
c0f580ad-3d81-4bd4-a77b-ff753fcce47f,Include,53b93492-1dbf-4cd5-899d-c4b2a77e885e,Component_Type,InvocableActionSettings,"#N/A"
c1d54409-2e81-4e41-8a34-2ef94a12e4b0,Include,53b93492-1dbf-4cd5-899d-c4b2a77e885e,Component_Type,ExternalDataSource,"#N/A"
c201e2bc-2078-449c-8cd2-7b35391dae2d,Include,53b93492-1dbf-4cd5-899d-c4b2a77e885e,Component_Type,OpportunitySettings,"#N/A"
c22e0664-8c98-4317-8f86-d211cd78e440,Include,53b93492-1dbf-4cd5-899d-c4b2a77e885e,Component_Type,EinsteinAssistantSettings,"#N/A"
c25d9cd2-d4fb-4f7d-b453-21b353e553ac,Include,53b93492-1dbf-4cd5-899d-c4b2a77e885e,Component_Type,AssistantSkillSobjectAction,"#N/A"
c2ae94d4-c689-4784-b313-02fb1a3f7f77,Include,53b93492-1dbf-4cd5-899d-c4b2a77e885e,Component_Type,CustomLabels,"#N/A"
c2b08596-dca5-4ab1-8daf-f49989242193,Include,53b93492-1dbf-4cd5-899d-c4b2a77e885e,Component_Type,UIObjectRelationConfig,"#N/A"
c34ef308-7930-4ade-92d8-0be55d498e99,Include,53b93492-1dbf-4cd5-899d-c4b2a77e885e,Component_Type,AppAnalyticsSettings,"#N/A"
c41993fb-34fc-4e08-b4e3-9b65af045d5e,Include,0f6db0a6-67a0-4eae-a6dc-93729f80b9d0,Component_Type,AssignmentRules,"#N/A"
c47a2a3a-83f0-42c5-bd1a-7f1d61ae1a52,Include,53b93492-1dbf-4cd5-899d-c4b2a77e885e,Component_Type,AccountRelationshipShareRule,"#N/A"
c542816b-11ef-43b5-97a1-abbb1888a695,Include,53b93492-1dbf-4cd5-899d-c4b2a77e885e,Component_Type,PicklistValue,"#N/A"
c6e6e78e-6741-465e-9557-26356ec3ba70,Include,53b93492-1dbf-4cd5-899d-c4b2a77e885e,Component_Type,PostTemplate,"#N/A"
c73f0b6b-fbe1-4450-b25f-a191564ebc7c,Include,53b93492-1dbf-4cd5-899d-c4b2a77e885e,Component_Type,KnowledgeSettings,"#N/A"
c754f6ac-065d-4ad2-b4bd-14ec3d05ce5e,Include,0f6db0a6-67a0-4eae-a6dc-93729f80b9d0,Component_Type,CustomObject,"#N/A"
c8b9e053-2a74-4f0e-a9fa-559e4ac3acaf,Include,53b93492-1dbf-4cd5-899d-c4b2a77e885e,Component_Type,WebStoreTemplate,"#N/A"
c8c0bc53-b851-4220-9005-4087aea0a5d0,Include,53b93492-1dbf-4cd5-899d-c4b2a77e885e,Component_Type,SvcCatalogCategory,"#N/A"
c954f567-4cc8-4284-8b45-fa049203307c,Include,0f6db0a6-67a0-4eae-a6dc-93729f80b9d0,Component_Type,PermissionSetGroup,"#N/A"
ca031bf7-5d62-4edd-8162-b1fa32ba17a1,Include,0f6db0a6-67a0-4eae-a6dc-93729f80b9d0,Component_Type,Document,"#N/A"
cb19f623-4acf-4de1-97ac-c4565a265425,Include,53b93492-1dbf-4cd5-899d-c4b2a77e885e,Component_Type,MktCalcInsightObjectDef,"#N/A"
cb1f2e5e-b667-4937-b560-55747f4388ac,Include,53b93492-1dbf-4cd5-899d-c4b2a77e885e,Component_Type,AddressSettings,"#N/A"
cb8e44fd-e747-4c58-be34-53086f117ada,Include,53b93492-1dbf-4cd5-899d-c4b2a77e885e,Component_Type,Layout,"#N/A"
ccc41136-f325-49e8-8431-73d1647a0620,Include,07ad8bca-bd11-47e5-a02a-5ea2028a31df,Component_Type,CustomObject,"#N/A"
cce460ee-e8bb-499d-afd4-d048b254b980,Include,53b93492-1dbf-4cd5-899d-c4b2a77e885e,Component_Type,BriefcaseDefinition,"#N/A"
cd2eccf3-2e15-4b36-add7-e547ca3b3393,Include,53b93492-1dbf-4cd5-899d-c4b2a77e885e,Component_Type,DeploymentSettings,"#N/A"
cd810f7e-a618-40d0-9626-f31e8a37da6e,Include,53b93492-1dbf-4cd5-899d-c4b2a77e885e,Component_Type,Certificate,"#N/A"
cec688b1-55a9-4901-93d6-887faacf63bd,Include,53b93492-1dbf-4cd5-899d-c4b2a77e885e,Component_Type,ProfileSessionSetting,"#N/A"
ceee180f-a3d6-4ffd-89d5-a8bdd9c44cc5,Include,53b93492-1dbf-4cd5-899d-c4b2a77e885e,Component_Type,SharingGuestRule,"#N/A"
cf1d1ccf-45a7-4d8a-b9ff-de440ead2496,Include,53b93492-1dbf-4cd5-899d-c4b2a77e885e,Component_Type,LiveChatSensitiveDataRule,"#N/A"
d000954d-78bb-410e-b0db-2423c8cecd48,Include,53b93492-1dbf-4cd5-899d-c4b2a77e885e,Component_Type,CustomObject,"#N/A"
d08d2d51-6827-4d92-a8f6-4130de862c3f,Include,53b93492-1dbf-4cd5-899d-c4b2a77e885e,Component_Type,RestrictionRule,"#N/A"
d111b662-6fbe-411f-bf35-3ff484f81eb0,Include,53b93492-1dbf-4cd5-899d-c4b2a77e885e,Component_Type,DataConnectorS3,"#N/A"
d12f2ae4-648b-4b7a-8cc5-eda66e5e980c,Include,53b93492-1dbf-4cd5-899d-c4b2a77e885e,Component_Type,GlobalValueSet,"#N/A"
d1ac8fde-25e7-4f20-932c-d166a275e861,Include,53b93492-1dbf-4cd5-899d-c4b2a77e885e,Component_Type,ArchiveSettings,"#N/A"
d292e613-ae78-4267-9e4c-fc6a6fc06c8f,Include,53b93492-1dbf-4cd5-899d-c4b2a77e885e,Component_Type,WaveTemplateBundle,"#N/A"
d2b4cfa8-ad5c-4a9d-9368-911a245199ca,Include,53b93492-1dbf-4cd5-899d-c4b2a77e885e,Component_Type,WaveDataflow,"#N/A"
d41885c5-db62-44de-a2b1-1989debc85f4,Include,53b93492-1dbf-4cd5-899d-c4b2a77e885e,Component_Type,SynonymDictionary,"#N/A"
d4ba0a8e-5828-4e88-b557-7c6fbc6eb198,Include,53b93492-1dbf-4cd5-899d-c4b2a77e885e,Component_Type,AssistantContextItem,"#N/A"
d4c138c8-3c3a-4e8a-8f3e-b956237bb7ff,Include,53b93492-1dbf-4cd5-899d-c4b2a77e885e,Component_Type,RealTimeEventSettings,"#N/A"
d57c6327-b532-4819-892d-9d5cba0aac02,Include,53b93492-1dbf-4cd5-899d-c4b2a77e885e,Component_Type,ExperienceBundle,"#N/A"
d5b3dd39-af39-4a43-9c0b-84f8c8544d25,Include,53b93492-1dbf-4cd5-899d-c4b2a77e885e,Component_Type,ExternalAIModel,"#N/A"
d6806897-bac7-4aa8-9b0a-a49612d0e146,Include,53b93492-1dbf-4cd5-899d-c4b2a77e885e,Component_Type,RecommendationBuilderSettings,"#N/A"
d70de3ed-dd68-4bc6-b71b-21ba2e11d8d6,Include,53b93492-1dbf-4cd5-899d-c4b2a77e885e,Component_Type,MyDomainDiscoverableLogin,"#N/A"
d8608183-3663-4043-a9c1-4eb8c63a02e7,Include,53b93492-1dbf-4cd5-899d-c4b2a77e885e,Component_Type,NameSettings,"#N/A"
d87cc5e4-98ef-46f2-ac59-5886d0433932,Include,53b93492-1dbf-4cd5-899d-c4b2a77e885e,Component_Type,FlowSettings,"#N/A"
d8a58621-d462-492f-a40e-a720057f01b9,Include,53b93492-1dbf-4cd5-899d-c4b2a77e885e,Component_Type,CleanDataService,"#N/A"
d8f0adfe-9851-4d82-a4f7-83d0119f246e,Include,53b93492-1dbf-4cd5-899d-c4b2a77e885e,Component_Type,UiPlugin,"#N/A"
da1e32e8-9551-477b-9940-5003a1a70995,Include,53b93492-1dbf-4cd5-899d-c4b2a77e885e,Component_Type,AIApplicationConfig,"#N/A"
da5e8a10-d259-441e-bb9b-5fd04f16c5ee,Include,53b93492-1dbf-4cd5-899d-c4b2a77e885e,Component_Type,GlobalValueSetTranslation,"#N/A"
ddd548b8-5096-4efe-9fe9-4b4f4b48ff86,Include,53b93492-1dbf-4cd5-899d-c4b2a77e885e,Component_Type,DocumentGenerationSetting,"#N/A"
de103c69-968b-4509-a30d-ce3c1c8d2c74,Include,53b93492-1dbf-4cd5-899d-c4b2a77e885e,Component_Type,CustomApplication,"#N/A"
de5f27f1-a39b-471a-b9b2-c71f067f78b1,Include,53b93492-1dbf-4cd5-899d-c4b2a77e885e,Component_Type,AppointmentSchedulingPolicy,"#N/A"
df166b48-90e8-4d17-9dad-5497150aa87e,Include,53b93492-1dbf-4cd5-899d-c4b2a77e885e,Component_Type,SlackApp,"#N/A"
df59e78b-8033-4758-82f5-053d0fd982d4,Include,53b93492-1dbf-4cd5-899d-c4b2a77e885e,Component_Type,AcctMgrTargetSettings,"#N/A"
df86e4f3-fb20-457b-bc81-49fe6b2438b6,Include,53b93492-1dbf-4cd5-899d-c4b2a77e885e,Component_Type,SharingSettings,"#N/A"
e0e74cfa-9472-4ca6-9b05-ca7bf17000d0,Include,0f6db0a6-67a0-4eae-a6dc-93729f80b9d0,Component_Type,ViewDefinition,"#N/A"
e116fbea-2ebf-4cad-8a37-ec6e8cccca44,Include,0f6db0a6-67a0-4eae-a6dc-93729f80b9d0,Component_Type,Flow,"#N/A"
e1430be2-fea5-4295-8301-bcb44d5b75ed,Include,53b93492-1dbf-4cd5-899d-c4b2a77e885e,Component_Type,PlatformCachePartition,"#N/A"
e14ead4e-a96d-432d-9e3d-0d07e7de2851,Include,53b93492-1dbf-4cd5-899d-c4b2a77e885e,Component_Type,Dashboard,"#N/A"
e33016a7-5f10-4677-b136-59809ffdae10,Include,53b93492-1dbf-4cd5-899d-c4b2a77e885e,Component_Type,PlatformSlackSettings,"#N/A"
e3cd4733-794e-4627-8cdd-e0b2c0eb150f,Include,53b93492-1dbf-4cd5-899d-c4b2a77e885e,Component_Type,CareBenefitVerifySettings,"#N/A"
e3e629cf-9f00-4c5f-a045-6e2f1d06eb16,Include,53b93492-1dbf-4cd5-899d-c4b2a77e885e,Component_Type,PardotEinsteinSettings,"#N/A"
e3f880f2-cd24-4d2f-9d63-100872bb107e,Include,53b93492-1dbf-4cd5-899d-c4b2a77e885e,Component_Type,RecordPageSettings,"#N/A"
e4fec5f3-6267-455b-81c7-b6dacdeb6717,Include,53b93492-1dbf-4cd5-899d-c4b2a77e885e,Component_Type,BlacklistedConsumer,"#N/A"
e500e761-6247-418b-a1c8-16f90077fd98,Include,53b93492-1dbf-4cd5-899d-c4b2a77e885e,Component_Type,DataSourceObject,"#N/A"
e54505a2-4f43-4483-9429-275add97ae08,Include,53b93492-1dbf-4cd5-899d-c4b2a77e885e,Component_Type,Network,"#N/A"
e611051c-097a-41b3-88f5-e29a6f7a887e,Include,53b93492-1dbf-4cd5-899d-c4b2a77e885e,Component_Type,SharingRules,"#N/A"
e626eea9-3513-4e78-a53f-f7d0d3038749,Include,53b93492-1dbf-4cd5-899d-c4b2a77e885e,Component_Type,PaymentGatewayProvider,"#N/A"
e629bdbf-72a6-42c5-b841-944ad1cd7eee,Include,53b93492-1dbf-4cd5-899d-c4b2a77e885e,Component_Type,ActionLinkGroupTemplate,"#N/A"
e6f1497d-eadf-4f3f-9381-ebc2bc53277d,Include,53b93492-1dbf-4cd5-899d-c4b2a77e885e,Component_Type,Queue,"#N/A"
e7589836-eb17-485e-9a78-7c957efe6e84,Include,53b93492-1dbf-4cd5-899d-c4b2a77e885e,Component_Type,IdeasSettings,"#N/A"
e7fe09ff-ae28-4f59-ac6e-87529e21a7bf,Include,53b93492-1dbf-4cd5-899d-c4b2a77e885e,Component_Type,MatchingRules,"#N/A"
e84ca9fc-8a79-4616-b613-790e2a02c9c6,Include,53b93492-1dbf-4cd5-899d-c4b2a77e885e,Component_Type,Territory,"#N/A"
e8d19a1a-f4c7-47c0-93cd-7bbf6d64fb5f,Include,53b93492-1dbf-4cd5-899d-c4b2a77e885e,Component_Type,IoTSettings,"#N/A"
e902f621-7f46-401e-9214-a8bc9253d026,Include,53b93492-1dbf-4cd5-899d-c4b2a77e885e,Component_Type,ActionPlanTemplate,"#N/A"
e9b54917-8359-4595-86c9-6e3227ff3ae9,Include,0f6db0a6-67a0-4eae-a6dc-93729f80b9d0,Component_Type,Dashboard,"#N/A"
e9fef065-6d79-45f1-a775-93b9554aae43,Include,53b93492-1dbf-4cd5-899d-c4b2a77e885e,Component_Type,ConversationVendorInfo,"#N/A"
eae0abe5-dafa-4a93-a535-429e74300b96,Include,53b93492-1dbf-4cd5-899d-c4b2a77e885e,Component_Type,CallCenterRoutingMap,"#N/A"
eb0d08de-dcc1-4b04-af93-2bee6f2ea447,Include,0f6db0a6-67a0-4eae-a6dc-93729f80b9d0,Component_Type,HomePageLayout,"#N/A"
ec19e77f-3cf6-4cbe-9df5-39de7a68d20d,Include,53b93492-1dbf-4cd5-899d-c4b2a77e885e,Component_Type,NetworkBranding,"#N/A"
ed63657e-3480-45b9-a282-4fa6a6794b24,Include,53b93492-1dbf-4cd5-899d-c4b2a77e885e,Component_Type,FunctionReference,"#N/A"
edc78b27-d215-4abc-ad1f-29caebdd36e1,Include,53b93492-1dbf-4cd5-899d-c4b2a77e885e,Component_Type,CaseSettings,"#N/A"
ef70220f-f7fc-4ae0-9a7a-c06475c4b4de,Include,53b93492-1dbf-4cd5-899d-c4b2a77e885e,Component_Type,Profile,"#N/A"
efec6b9a-9e4d-4459-b7e7-bb8ea2542fb2,Include,53b93492-1dbf-4cd5-899d-c4b2a77e885e,Component_Type,UserEngagementSettings,"#N/A"
f0cf8273-a7b5-4d3a-8ead-8b6534c1b8e9,Include,53b93492-1dbf-4cd5-899d-c4b2a77e885e,Component_Type,BusinessProcess,"#N/A"
f1294824-dfb5-4ee4-b2bf-d1243daddd66,Include,53b93492-1dbf-4cd5-899d-c4b2a77e885e,Component_Type,BranchManagementSettings,"#N/A"
f152a4be-936f-41c3-84e9-c6ec04ca3738,Include,53b93492-1dbf-4cd5-899d-c4b2a77e885e,Component_Type,ServiceCloudVoiceSettings,"#N/A"
f21c2a71-3f9e-48c7-8cf2-b0eb64ce6764,Include,15ebed91-a105-4df6-8f18-ffacd66dfed9,Component_Type,CustomObject,"#N/A"
f39dbec3-6a09-4681-a066-18a6d07f49c2,Include,53b93492-1dbf-4cd5-899d-c4b2a77e885e,Component_Type,ReportFolder,"#N/A"
f3ef9d92-8d59-4c4e-8662-6146f2dc37d9,Include,53b93492-1dbf-4cd5-899d-c4b2a77e885e,Component_Type,ObjectLinkingSettings,"#N/A"
f40a42fe-d1ea-40df-87e7-3f5dd7e3ebf1,Include,53b93492-1dbf-4cd5-899d-c4b2a77e885e,Component_Type,ConnectedSystem,"#N/A"
f4b1c883-60bd-41b4-8b42-74dcc2036d51,Include,53b93492-1dbf-4cd5-899d-c4b2a77e885e,Component_Type,EscalationRules,"#N/A"
f5ce69b3-d197-4aff-9fc5-b1eef3e7cfb5,Include,0f6db0a6-67a0-4eae-a6dc-93729f80b9d0,Component_Type,CustomApplication,"#N/A"
f66dd401-86d5-4c16-805d-bc3fcef7eaa9,Include,53b93492-1dbf-4cd5-899d-c4b2a77e885e,Component_Type,WorkDotComSettings,"#N/A"
f704314c-be0e-42c0-bc07-f777eebae856,Include,53b93492-1dbf-4cd5-899d-c4b2a77e885e,Component_Type,PicklistSettings,"#N/A"
f70b0bf7-18ff-472e-bc94-f0e0812340ce,Include,53b93492-1dbf-4cd5-899d-c4b2a77e885e,Component_Type,Document,"#N/A"
f726f10b-231e-4f3a-b476-f99e46699460,Include,53b93492-1dbf-4cd5-899d-c4b2a77e885e,Component_Type,EinsteinAgentSettings,"#N/A"
f745b99a-bc72-4841-9cf2-ddd8f3c3b641,Include,0345fefd-99ec-4142-a67a-791501aaec4e,Component_Type,Flow,"#N/A"
f7716b7e-d316-4d63-9da4-985dde858cea,Include,53b93492-1dbf-4cd5-899d-c4b2a77e885e,Component_Type,LightningExperienceSettings,"#N/A"
f7d0ab2d-5181-4d27-a41b-f45b39384225,Include,53b93492-1dbf-4cd5-899d-c4b2a77e885e,Component_Type,PrivacySettings,"#N/A"
f7fcfa5a-e76f-4b8c-bb87-9f162829264a,Include,53b93492-1dbf-4cd5-899d-c4b2a77e885e,Component_Type,EinsteinDocumentCaptureSettings,"#N/A"
f8036a13-eb36-4c6e-8104-650f03ef6c45,Include,53b93492-1dbf-4cd5-899d-c4b2a77e885e,Component_Type,AppMenu,"#N/A"
f8a97bba-56fa-41cd-9fb5-67de10f51d41,Include,53b93492-1dbf-4cd5-899d-c4b2a77e885e,Component_Type,ConnectedAppSettings,"#N/A"
f9518638-7177-4978-939e-e7ccc1acc7dd,Include,53b93492-1dbf-4cd5-899d-c4b2a77e885e,Component_Type,OutboundNetworkConnection,"#N/A"
f9b942ab-c40d-4f8f-8dae-26f938ebc4b2,Include,53b93492-1dbf-4cd5-899d-c4b2a77e885e,Component_Type,IndustriesSettings,"#N/A"
fba675a3-f3aa-4702-b369-fe474817c3cd,Include,0f6db0a6-67a0-4eae-a6dc-93729f80b9d0,Component_Type,StaticResource,"#N/A"
fca4d2c9-dcac-41e1-a2f5-2727306993bb,Include,53b93492-1dbf-4cd5-899d-c4b2a77e885e,Component_Type,DiscoverySettings,"#N/A"
fd4f70d4-aa40-4f26-9724-93d4592ca0e0,Include,53b93492-1dbf-4cd5-899d-c4b2a77e885e,Component_Type,RecommendationStrategy,"#N/A"
fe337999-612c-4580-9dc2-b4402773e3c0,Include,53b93492-1dbf-4cd5-899d-c4b2a77e885e,Component_Type,SharingOwnerRule,"#N/A"
fe4c7c64-d708-478e-a462-0f4eadf8fb10,Include,53b93492-1dbf-4cd5-899d-c4b2a77e885e,Component_Type,EventSettings,"#N/A"
fe9fee3f-6935-4562-99a0-f43b8bcef1d8,Include,53b93492-1dbf-4cd5-899d-c4b2a77e885e,Component_Type,BatchCalcJobDefinition,"#N/A"
fea66037-d7f1-4de4-a14d-3fffd52c5eb8,Include,53b93492-1dbf-4cd5-899d-c4b2a77e885e,Component_Type,DocumentChecklistSettings,"#N/A"
fec16222-3005-4de6-bfbc-f29959b07079,Include,53b93492-1dbf-4cd5-899d-c4b2a77e885e,Component_Type,PathAssistantSettings,"#N/A"
feef410e-4fd9-4c84-967f-bcd8938866c4,Include,53b93492-1dbf-4cd5-899d-c4b2a77e885e,Component_Type,CampaignSettings,"#N/A"
ffe736b3-6dbc-4cf5-aa99-db55772a701c,Include,53b93492-1dbf-4cd5-899d-c4b2a77e885e,Component_Type,SchedulingRule,"#N/A"
